{
    "naive": {
        "faithfulness": 0.6976388888888889,
        "answer_relevancy": 0.7473360854279245,
        "context_precision": 0.7083333332625,
        "context_recall": 0.5833333333333334
    },
    "best_baseline": {
        "faithfulness": 0.81875,
        "answer_relevancy": 0.7305946047978084,
        "context_precision": 0.7300347221667872,
        "context_recall": 0.7666666666666667
    },
    "enhanced": {
        "faithfulness": 0.8354166666666667,
        "answer_relevancy": 0.7706981561337491,
        "context_precision": 0.8678124999354726,
        "context_recall": 0.7833333333333333
    }
}